ID,Name,Industry,Inception,Employees,State,City,Revenue,Expenses,Profit,Growth
1,Over-Hex,Software,2006,25,TN,Franklin,9684527,1130700,8553827,19
2,Unimattax,IT Services,2009,36,PA,Newtown Square,14016543,804035,13212508,20
3,Greenfax,Retail,2012,28,SC,Greenville,9746272,1044375,8701897,16
4,Blacklane,IT Services,2011,66,CA,Orange,15359369,4631808,10727561,19
5,Yearflex,Software,2013,45,WI,Madison,8567910,4374841,4193069,19
6,Indigoplanet,IT Services,2013,60,NJ,Manalapan,12805452,4626275,8179177,22
7,Treslam,Financial Services,2009,116,MO,Clayton,5387469,2127984,3259485,17
8,Rednimdox,Construction,2013,73,NY,Woodside,9055058.5,4506975.5,4548083,10
9,Lamtone,IT Services,2009,55,CA,San Ramon,11757018,6482465,5274553,30
10,Stripfind,Financial Services,2010,25,FL,Boca Raton,12329371,916455,11412916,20
11,Canecorporation,Health,2012,6,NY,New York,10597009,7591189,3005820,7
12,Mattouch,IT Services,2013,6,WA,Bellevue,14026934,7429377,6597557,26
13,Techdrill,Health,2009,9,MS,Flowood,10573990,7435363,3138627,8
14,Techline,NA,2006,65,CA,San Ramon,13898119,5470303,8427816,23
15,Cityace,NA,2010,25,CO,Louisville,9254614,6249498,3005116,6
17,Ganzlax,IT Services,2011,75,NJ,Iselin,14001180,2100000,11901180,18
18,Trantraxlax,Government Services,2011,35,VA,Suffolk,11088336,5635276,5453060,7
19,E-Zim,Retail,2008,320,OH,Monroe,10746451,4762319,5984132,13
20,Daltfase,Software,2011,78,NC,Durham,10410628,6196409,4214219,17
21,Hotlane,Government Services,2012,87,AL,Huntsville,7978332,5686574,2291758,2
22,Lathotline,Health,NA,103,VA,McLean,9418303,7567233,1851070,2
23,Lambam,IT Services,2012,210,SC,Columbia,11950148,4365512,7584636,20
24,Quozap,Software,2004,21,NJ,Collingswood,8304480,7019973,1284507,20
25,Tampware,Construction,2011,13,TX,Houston,9785982,2910756,6875226,11
26,Dalthow,Health,2000,20,GA,Dacula,10800718,7731820,3068898,7
28,Unadex,Software,2013,280,NC,Cary,5231275,2388521,2842754,19
29,Groovecane,Construction,2011,17,UT,South Jordan,6811168,3560343,3250825,15
30,Tambase,Software,2010,29,AZ,Scottsdale,9141817,2394135,6747682,21
31,Georedfase,IT Services,2008,19,VA,Vienna,13165222,810126,12355096,16
32,Konktraxbam,Software,2011,3,WI,Franklin,11504780,4682545,6822235,19
33,Stanquote,IT Services,2011,133,IL,Des Plaines,15421180,374816,15046364,26
34,Lexiholding,Health,2011,10,CA,Newport Beach,6595798,4917351,1678447,7
35,Mediahex,IT Services,2005,29,TX,Houston,14772570,3685640,11086930,19
36,Triojob,Financial Services,2011,33,TX,Dallas,9403633,223602,9180031,18
37,D-Zoocare,Financial Services,2010,98,WA,Seattle,9153440,2445885,6707555,13
38,Zun-Trax,Retail,2013,23,SC,Columbia,9732190,4437655,5294535,12
39,Biotain,Construction,2012,62,IA,Davenport,11642543,4781280,6861263,13
40,Newjofix,Financial Services,2010,90,CA,West Hollywood,12339863,1415312,10924551,19
41,Ozer-Dox,Health,2013,35,GA,Duluth,9621471,6759243,2862228,9
43,Istone,Software,2011,50,VA,Reston,4424720,461975,3962745,20
44,Ganzgreen,Construction,2010,224,TN,Franklin,9055058.5,4506975.5,4548083,9
45,Zamhouse,Construction,2009,39,ME,Lisbon Falls,7543695,6561021,982674,12
46,Openjocon,Construction,2013,75,NA,Midlothian,11374343,4273207,7101136,13
47,Trisity,Health,2012,26,CA,San Diego,6918290,6344372,573918,0
48,Planetice,Health,2012,86.5,MD,Silver Spring,10757724,6782077,3975647,4
49,Villadox,Construction,2012,20,CA,Carlsbad,8651649,1097353,7554296,11
50,Alphacane,Retail,2013,3,MO,O'Fallon,7903763,5873666,2030097,14
51,Rankcone,Government Services,2011,36,VA,Virginia Beach,6036944,4837188,1199756,6
52,Iceice,Government Services,2010,21,WV,Star City,6352466,1455581,4896885,6
53,Fixquadtech,Health,2012,85,PA,Philadelphia,8299901,6968474,1331427,8
54,Zonhigh,IT Services,2010,96,IL,Chicago,12723684,4498099,8225585,21
55,Toughway,Financial Services,2010,219,FL,St. Petersburg,13442136,3291056,10151080,19
56,Bluetexon,IT Services,2010,117,TX,Plano,12685910,8350913,4334997,18
57,Nimvivafind,Financial Services,2009,34,NJ,Newark,11605855,2632247,8973608,19
58,Eremenko,Financial Services,2012,60,FL,Maitland,11445633,3162905,8282728,15
59,Hot-Electrics,IT Services,2006,46,GA,Augusta,17214068,1412142,15801926,16
60,Namdom,Software,2013,105,IL,Chicago,8362411,2544307,5818104,19
61,Tempbam,Software,2013,134,WA,Seattle,8980591,6089130,2891461,25
62,Goodhouse,IT Services,2009,63,VA,Herndon,14833220,5667425,9165795,24
63,Sumzoomit,Construction,2010,32,MO,Lee's Summit,18429577,7703652,10725925,19
64,Goodtex,Government Services,2011,150,VA,Tysons Corner,13118996,9860686,3258310,-3
65,Ranquote,Health,2013,86.5,GA,Alpharetta,7147363,4206340,2941023,6
66,Zathtone,NA,2009,121,NY,New York,8953759,4069681,4884078,21
67,Vivacode,Construction,2009,28,LA,Lake Charles,9410642,4117102,5293540,5
70,Jobzencane,Software,2011,40,PA,WAYNE,7482411,2379903,5102508,21
72,Vilacan,Retail,1999,28,UT,Orem,12916975,5973654,6943321,12
73,Stattechno,Health,2014,80,WA,Seattle,6619705,4082936,2536769,10
74,Conin,Construction,2009,23,CA,Rancho Dominguez,9903489,6042545,3860944,8
75,Rezumfind,IT Services,2000,50,VA,Herndon,14024010,3101952,10922058,23
77,Stiming,IT Services,2014,24,NY,Williamsville,9779076,594698,9184378,22
79,Tonjob,Financial Services,2010,87,CA,Santa Barbara,8475261,2364775,6110486,16
80,Flextone,Financial Services,2010,250,FL,Boca Raton,11028550,2494384,8534166,19
81,Lineity,Government Services,2006,113,MA,Billerica,8621837,2359224,6262613,4
83,Xn-Media,Health,2012,104,NJ,Lyndhurst,7863279,5975968,1887311,5
84,Drilldrill,Software,2010,30,CA,San Francisco,7800620,2785799,5014821,17
85,Tristone,Construction,2013,43,MD,Millersville,11755980,3476281,8279699,8
87,Tontam,Construction,2007,26,VA,Ashburn,7635932,7119416,516516,8
88,Ganjatam,IT Services,2009,70,NJ,Iselin,16195183,5170147,11025036,18
89,Sumice,Retail,2013,318,UT,Sandy,8697300,5654472,3042828,19
90,Vivadom,Software,2010,72,CA,Santa Barbara,5190812,3656514,1534298,17
91,Hatvollex,IT Services,2002,75,TX,FRISCO,12410581,5898202,6512379,21
92,Rankfind,Government Services,2013,101,VA,Fairfax,11210769,2837223,8373546,7
93,Fixcan,Retail,2009,3,GA,Atlanta,14184061,4600156,9583905,15
94,Technodexon,Software,2006,327,UT,Provo,11554383,3538667,8015716,17
95,Tamtex,Government Services,2009,98,VA,Fredericksburg,11205036,3840144,7364892,10
96,Itquadlab,Government Services,2012,120,VA,Arlington,8198522,7950351,248171,2
98,Kinlax,Financial Services,2002,100,AZ,Tucson,11380872,6212849,5168023,18
99,Inchkix,Health,2011,29,MA,Northampton,8724297,7427040,1297257,7
100,Labam,Construction,2010,150,NA,Winter Garden,8124116,5173904,2950212,12
101,Black-Tax,Construction,2012,22,MD,Columbia,5166324,3772942,1393382,6
102,Med-City,Retail,2009,28,IL,Cicero,12488577,5637042,6851535,13
104,Vaiatrax,Financial Services,2010,24,PA,Philadelphia,12650059,444962,12205097,21
105,Ganzhex,Retail,2011,18,NY,Hopewell Junction,7307243,2439137,4868106,11
106,Dongstreet,Health,2006,236,IN,Princeton,7042297,6903334,138963,4
107,Basetrax,Construction,2011,28,NY,Buffalo,9391015,1040662,8350353,10
109,Zenware,Health,2012,37,CO,Centennial,9590886,3692982,5897904,4
111,Vivaity,Construction,2009,23,WA,Lakewood,7529148,3147929,4381219,15
112,O-Touch,Health,2005,393,TX,Frisco,9521727,5669858,3851869,4
113,Flexlane,IT Services,2004,120,MI,Novi,12733374,4666917,8066457,23
114,Zotcare,IT Services,2005,75,GA,Atlanta,15249518,1261501,13988017,21
116,Requote,Government Services,2014,61,MD,Bethesda,5994715,5947864,46851,10
117,Freshholdings,Government Services,2010,65,FL,Orlando,10492864,1392917,9099947,9
118,Icezunzim,Software,2012,14,VA,Richmond,5150397,4274358,876039,20
119,Hottam,Software,2011,25,IN,Indianapolis,9422075,1875020,7547055,20
120,Lattechi,Retail,2012,30,IL,Hickory Hills,12285548,1453319,10832229,11
121,It-Ity,Health,2010,31,CA,Fresno,8407359,3802970,4604389,8
122,Islotfind,IT Services,2013,30,DC,Washington,11498255,1639880,9858375,24
123,Yearla,Software,2004,31,RI,Providence,9838442,5327158,4511284,13
124,Dancane,Software,2010,42,CT,New Haven,7556024,3513209,4042815,20
125,Citytrax,Financial Services,2010,21,UT,Sandy,10891038,989656,9901382,16
126,Sail-Lam,Government Services,2013,120,MD,Rockville,8540290,6523001,2017289,5
127,Zotjoit,IT Services,2012,50,MN,Bloomington,13878988,5541102,8337886,22
128,Lanelex,Retail,2011,11,KS,Wichita,11106110,3351685,7754425,10
129,Hayfan,Health,2012,97,CA,San Diego,9678127,6001114,3677013,4
130,Lacorporation,Software,2011,73,CA,San Diego,5152561,4897146,255415,19
131,Ganjafan,Government Services,2010,215,NE,Omaha,8732985,6294265,2438720,4
132,Nimlux,Financial Services,2013,285,NY,New York,7753213,1117206,6636007,18
133,Gogofan,Construction,2011,75,FL,Winter Garden,7826433,5608635,2217798,9
134,Sub-Fan,Software,2014,24,MA,Boston,6178217,4916737,1261480,17
135,Mediagreen,Health,2013,80,TX,Dallas,7480998,2758416,4722582,8
136,Xx-Com,Retail,2013,308,TX,Lubbock,15533083,2163836,13369247,12
137,Toughcare,Retail,2009,45,CA,Burbank,12429629,5796075,6633554,14
138,Mathstrip,Government Services,2011,48,VA,Reston,10236594,5788684,4447910,5
139,Vilait,Software,2011,240,DE,Wilmington,4691853,3250700,1441153,14
140,Konkin,Health,2000,32,TX,Austin,8397677,2753444,5644233,4
141,Unoline,IT Services,2011,140,MN,Minneapolis,16086524,5624600,10461924,16
142,Truesaokix,Health,2010,160,CA,San Clemente,12507074,5705847,6801227,7
143,Lamlax,IT Services,2010,30,PA,Horsham,15016295,3263194,11753101,17
144,Saotaxon,Software,2000,76,IL,Chicago,7440576,5383015,2057561,19
145,Sanzatrax,Construction,2012,49,CA,San Diego,6219995,4489463,1730532,16
146,Geoelectronics,Software,2010,75,CA,San Diego,9684183,7693563,1990620,18
148,Trans-Dexon,Financial Services,2003,77,MA,Boston,11447285,1498325,9948960,16
149,Zimholding,IT Services,2002,7,OR,Portland,13905706,405045,13500661,21
150,Scot-Lex,IT Services,2013,34,MA,Chelmsford,12975996,4097491,8878505,24
151,Lexitrans,Health,2012,335,WA,Seattle,9152251,8653818,498433,6
152,Phystouch,IT Services,2011,12,NC,Waxhaw,14530025,847470,13682555,20
153,K-Job,IT Services,2013,150,VA,Reston,12008969,3517340,8491629,18
154,Vilamedia,Software,2011,126,VA,Blacksburg,7605926,3454719,4151207,24
155,Bignamjob,Health,2013,131,IL,Elk Grove Village,8326486,7705075,621411,7
156,Kayplus,Government Services,2010,154,FL,Clearwater,10855879,5611400,5244479,2
157,Hottom,Software,2011,40,MD,Baltimore,9381784,2093538,7288246,19
158,Voltech,Software,2009,23,NJ,Hamilton,10211911,5213751,4998160,13
159,Lamdombase,Construction,2012,7,TX,Houston,11428457,5595183,5833274,12
160,Zathtechi,Software,2003,87,CA,San Jose,6187775,2286092,3901683,23
161,Sunsaolax,Health,2013,15,WA,Redmond,7151103,5835473,1315630,7
162,Zamfax,Government Services,2012,130,FL,Fort Walton Beach,9886455,1320669,8565786,3
163,Zer-Plus,Software,2008,27,MA,Franklin,5848690,5240164,608526,26
164,Hexzoomity,Health,2013,11,TX,Austin,10319636,5863890,4455746,12
165,Vilahouse,Software,2011,12,CA,San Diego,7662253,7543897,118356,23
166,Lamcare,Construction,1999,108,NY,Staten Island,7547716,5232913,2314803,14
167,Keytouch,Construction,2013,35,CA,Vista,8597264,5649633,2947631,9
168,Kincon,Software,2009,130,MI,Ann Arbor,12239282,2973757,9265525,17
169,Tancode,IT Services,2014,7,NY,Farmingdale,15506061,5204074,10301987,26
170,Dripcane,IT Services,2010,56,VA,Reston,17431007,2153035,15277972,20
171,Zimtechno,Software,2006,326,MN,Minneapolis,13268611,6773400,6495211,24
172,Fax-Street,Software,2011,54,CA,Aliso Viejo,4436616,4175332,261284,15
173,Scotstrip,Software,2013,77,IL,Chicago,9120892,125635,8995257,20
174,Bigfan,Software,2005,96,WI,La Crosse,9386159,3093397,6292762,21
175,Kayis,IT Services,2002,26,CA,Newport Beach,14264750,1232980,13031770,23
176,Drilllane,IT Services,2011,185,VA,Ashburn,15240158,1367678,13872480,16
177,Randrill,Health,2010,84,GA,Smyrna,8239229,7802235,436994,6
178,Techhigh,IT Services,2011,28,OH,West Chester,14681671,5999660,8682011,23
179,Saltstreet,IT Services,2012,80,CA,Newark,14219294,6235328,7983966,22
180,Greenfan,Government Services,2013,35,TX,San Antonio,10228294,6751232,3477062,9
181,Joblab,Government Services,2012,250,VA,Herndon,10216792,3436060,6780732,10
182,Zenzootrax,Financial Services,2010,289,IL,Chicago,9837545,2466042,7371503,17
183,Ittech,IT Services,2013,45,MN,Minneapolis,11133739,6544488,4589251,20
184,Volzoom,Retail,2006,27,ME,Kittery,12218547,5081916,7136631,10
185,Saofintone,Financial Services,2009,78,CA,San Diego,11559177,841579,10717598,17
186,Indigoit,Retail,2011,15,MI,Jackson,13942061,5349385,8592676,14
187,K-Tone,Software,2013,26,SC,North Charleston,8593898,4884584,3709314,18
188,Triotexon,Software,2011,96,FL,Tampa,9339798,1298258,8041540,18
189,Rehoting,IT Services,2014,30,NC,Chapel Hill,13090625,5455657,7634968,20
190,Kanlux,Software,2000,77,VA,Chesapeake,9868249,4854787,5013462,21
191,Silit,Construction,2007,26,VA,Chesapeake,10692411,7777972,2914439,8
192,Fixlatcare,IT Services,2014,40,TX,Dallas,14349818,634360,13715458,23
193,Zummalux,Government Services,2011,13,MD,Woodbine,10729022,4113479,6615543,5
194,Medbase,Software,2013,17,GA,Roswell,8695169,4473383,4221786,20
195,Xx-Bam,Software,2009,140,FL,Orlando,14229411,2327339,11902072,20
196,Jayphase,Software,2014,62,CA,San Diego,5892054,4938867,953187,16
197,J-Unafase,Software,2014,24,TX,Montgomery,1835717,71219,1764498,19
198,Singlefind,Construction,2014,25,OK,Oklahoma City,11725679,4944684,6780995,5
199,Icephase,IT Services,2010,29,VA,Glen Allen,13098201,6105205,6992996,20
200,Lalane,Retail,2003,45,MN,Golden Valley,12461526,4934351,7527175,14
201,Linetax,IT Services,2013,171,IL,Westchester,15091431,2907698,12183733,28
202,Hotlax,IT Services,2010,185,NJ,Warren,11473628,2599091,8874537,24
203,E-Tex,IT Services,2003,85,OH,Columbus,16295163,3974721,12320442,21
204,Hexdom,IT Services,2012,10,CA,Encino,10724413,4126154,6598259,21
205,Acclaimedcirl,Health,2014,102,CA,Pasadena,4484095,4177191,306904,11
206,Frayedintrigue,IT Services,2014,211,TX,Addison,12846678,1435103,11411575,19
207,Nakedshrapnel,IT Services,2014,15,FL,Orlando,16916828,3879436,13037392,20
208,Countslovenly,Construction,2010,45,FL,Spring Hill,8380367,8213905,166462,10
209,Judgemicrosoft,IT Services,2012,70,TX,Houston,16093094,3724605,12368489,18
210,Reinforceputtock,Health,2002,88,NJ,Moorestown,5890468,4263512,1626956,6
211,Pursuitsskewer,IT Services,2001,16,VA,Ashburn,13731776,887658,12844118,23
212,Geigerbeneficial,Financial Services,2013,33,TX,Dallas,12470309,1499830,10970479,17
213,Relishtreasure,Government Services,2010,25,VA,Sterling,9959049,1432738,8526311,4
214,Forearmblade,IT Services,2010,24,MD,Annapolis,15768818,3279306,12489512,29
215,Nervousdispatcher,Financial Services,2011,80,NY,New York,6955439,409237,6546202,16
216,Deliciousgeometry,IT Services,2010,30,CA,Walnut,16864251,2661258,14202993,18
217,Dowdyweanling,Health,2014,32,TX,Plano,10893126,4374602,6518524,8
218,Abstractedchocolat,IT Services,2009,2,VA,Stafford,12079562,4960266,7119296,24
219,Wiggakintail,IT Services,2010,55,NY,Scarsdale,13713642,3796676,9916966,18
220,Machinewarn,IT Services,2009,128,NC,Greensboro,16548371,6091555,10456816,21
221,Coatforked,Government Services,2012,59,CA,Coronado,10626672,1243956,9382716,6
222,Loveboyle,IT Services,2012,19,MA,Framingham,14552889,3814137,10738752,19
223,Admonishbadelynge,Government Services,2010,73,AL,Huntsville,9528495,4117953,5410542,3
224,Siftercockamamie,Retail,2014,19,AZ,Scottsdale,14691389,2498398,12192991,11
226,Discreetcorrosive,Government Services,2011,197,VA,Sterling,7307498,5648408,1659090,11
227,Handlersthroated,Retail,2011,167,MA,Boston,13592541,3987941,9604600,12
228,Boundextrasmall,Health,2010,110,PA,Willow Grove,8838341,6521158,2317183,4
229,Efferentfinished,Health,2014,30,MD,Rockville,5449870,2140030,3309840,8
230,Trogleguarantee,IT Services,2008,53,GA,Canton,12882726,3769434,9113292,21
231,Chloridesfixation,Financial Services,2009,14,OH,Independence,12924846,2016500,10908346,16
232,Raisinscotta,IT Services,2003,48,SC,Irmo,15393471,6652796,8740675,22
233,Sandhillrisk,IT Services,2009,51,VA,Sterling,12664063,2447209,10216854,19
234,Vertextractor,IT Services,2012,41,MD,Hanover,11092909,8516661,2576248,26
235,Parkourwoodchat,IT Services,2013,110,OH,Cincinnati,12853705,6339352,6514353,23
237,Coiledsheriff,Software,2009,67,MA,Boston,2367964,639513,1728451,19
238,Stylishhypothesis,IT Services,2011,73,WA,Bellevue,15705546,3170938,12534608,17
239,Glaciertolerant,Retail,2013,1,GA,Atlanta,10174843,4696022,5478821,8
241,Sounderfibber,IT Services,2011,372,MN,Minnetonka,14727740,6403759,8323981,21
242,Lowdirect,Government Services,2011,56,MD,Annapolis,7112290,4691188,2421102,2
243,Improvelonely,Software,2010,150,DC,Washington,4977212,462545,4514667,19
244,Crashingsubmitted,Government Services,2009,52,VA,Falls Church,8978177,3824137,5154040,5
245,Peskyevaluate,IT Services,2010,45,VA,Richmond,13011611,4284410,8727201,23
246,Circinuscategory,IT Services,2013,32,NJ,Cranbury,14920255,5274251,9646004,28
247,Chestnutanorexia,Government Services,2013,30,VA,Stafford,8333540,6025148,2308392,5
248,Waterka,Government Services,2005,115,MD,Columbia,6140424,6017012,123412,4
249,Muttletpocket,IT Services,2012,36,UT,South Jordan,15416309,7560119,7856190,17
250,Pluggedword,Retail,2009,9,FL,Pembroke Pines,12380676,3107320,9273356,12
251,Clocksgarrulous,Government Services,2014,29,VA,Falls Church,10278001,4618266,5659735,4
252,Estermourn,Construction,2010,20,ID,Worley,7740138,5303734,2436404,12
253,Splashnuts,Construction,2012,272,FL,Apopka,11004547,3182829,7821718,8
254,Aldabaranbox,Software,2010,15,IN,Anderson,6354077,5230774,1123303,26
255,Elderlyhair,IT Services,2013,21,FL,Jacksonville,13522265,6555897,6966368,20
256,Colouredrecipe,IT Services,2010,34,KY,Louisville,13884717,5663096,8221621,22
257,Easterntwisted,IT Services,2011,30,VA,Reston,13032072,4670258,8361814,22
258,Bindauthorized,Health,2011,31,FL,Tampa,9444652,3211123,6233529,6
259,Pointchough,Software,2014,36,MD,Baltimore,5059870,4986520,73350,17
260,Sootycrushing,Software,2011,41,VA,Reston,11352262,6195130,5157132,20
261,Cometscasting,Health,2014,134,UT,Salt Lake City,5041969,3293814,1748155,12
262,Proteincosines,Health,2011,19,NJ,Rutherford,8304318,6770283,1534035,9
263,Gleanworn,IT Services,2012,9,MI,Sterling Heights,15861214,9046498,6814716,24
264,Chadhelpful,IT Services,2011,62,MA,Boston,10462149,3738581,6723568,23
265,Weedycavus,Government Services,2011,150,MD,Rockville,8587453,6405470,2181983,4
266,Reliablepaver,IT Services,2011,91,CA,North Hollywood,21810051,3354029,18456022,21
267,Circlechop,Software,2010,14,CA,San Francisco,9067070,5929828,3137242,20
268,Itemswazzed,IT Services,2004,13,MN,Edina,13893688,1417656,12476032,22
270,Pumpkinmothers,Health,2011,101,GA,Atlanta,9837182,6500700,3336482,8
271,Matcapillary,Software,2011,64,CA,Redwood City,9056895,5293164,3763731,17
272,Presslute,Construction,2011,37,CA,El Cajon,10618249,4669810,5948439,15
273,Wealthabounding,Retail,2012,28,SC,Hilton Head Island,7463765,2191140,5272625,12
274,Cleavagesling,Software,2012,19,OH,Boardman,11902156,1267422,10634734,18
275,Laboredshocked,IT Services,2008,23,OR,Medford,17010460,1876606,15133854,20
276,Appaloosasmiling,IT Services,2010,75,NC,Charlotte,15744688,4750543,10994145,22
277,Clasticmach,Retail,2014,28,CT,Norwalk,12501869,968518,11533351,12
278,Expandcostgullible,IT Services,2012,25,VA,Chantilly,14164883,7237383,6927500,25
279,Hypergalaxypegasus,Construction,2009,103,UT,Centerville,9127759,2005195,7122564,11
280,Rageenvious,IT Services,2009,25,MD,Savage,12501734,3330829,9170905,25
281,Rinkmusic,Health,2013,37,NY,Westbury,11533498,9331421,2202077,5
282,Scoreboardchaos,Retail,2013,43,TX,Austin,10595812,7065343,3530469,11
284,Pausehydrocarbon,Financial Services,2012,239,FL,Maitland,8759409,765624,7993785,19
285,Neodymiumscandalous,IT Services,2011,99,NJ,Edison,13022421,4248247,8774174,20
286,Februaryvanadium,IT Services,2010,116,MA,Rockland,12775650,5531004,7244646,25
287,Avogadroethanoate,Health,2010,143,RI,Coventry,10926954,6191046,4735908,10
288,Assuredcarbon,Financial Services,2010,23,FL,Summerfield,11401138,4368407,7032731,13
289,Annoyhog,Health,2009,90,FL,Medley,12729198,7494847,5234351,9
290,Dingalingflee,Retail,2011,44,IL,Tinley Park,12896887,6187326,6709561,17
291,Equalityshape,Health,2006,27,CO,Denver,6324593,4220455,2104138,6
293,Mathassertive,IT Services,2007,102,VA,Chantilly,10804178,3549635,7254543,23
294,Wightmuon,Retail,2013,13,TX,San Antonio,8773124,7957743,815381,12
295,Optimismexterior,Construction,2009,28,IL,Bellwood,8427020,4316632,4110388,9
296,Shovelerablaze,Construction,1999,150,IL,Downers Grove,6014864,3570801,2444063,7
297,Posseratty,Retail,2014,13,TN,Memphis,11361118,1450080,9911038,11
298,Freezehouses,IT Services,2011,175,SC,Mount Pleasant,13062368,4786821,8275547,18
299,Damedash,Construction,2012,48,CA,San Diego,5215835,3877333,1338502,11
300,Weepingwhisky,Financial Services,2012,28,MO,St. Louis,11779555,2950689,8828866,16
301,Gianttempting,IT Services,2001,6,GA,Woodstock,12713148,6486427,6226721,20
302,Frillyshaving,IT Services,2010,100,VA,Reston,13860540,2442826,11417714,22
303,Clawasked,IT Services,2012,270,NJ,Iselin,15883703,5267075,10616628,20
304,Crystringed,Retail,2014,90,MN,Burnsville,12245078,3649280,8595798,16
305,Exactmunch,Software,2009,26,TX,Austin,3723332,1956849,1766483,16
306,Fatcoffle,Construction,2011,28,OR,Portland,9274105,4829430,4444675,12
307,Decoratorsdecipher,Construction,2011,5,VA,Ashburn,8982358,3820511,5161847,8
308,Semipermeability,Financial Services,2009,126,TN,Nashville,10928801,552468,10376333,17
310,Lipped,IT Services,2009,137,VA,Chantilly,13275051,2682894,10592157,19
311,Sweater,Health,2014,403,OH,Westlake,9127416,5014081,4113335,5
313,Beetleheaded,IT Services,2010,130,TX,Irving,13109837,4971120,8138717,19
314,Fraternal,Health,2012,65,NE,Omaha,8811825,6665587,2146238,8
315,Falbala,Retail,2012,73,CT,Norwalk,15880376,6266037,9614339,13
316,Pomiculturist,Retail,2010,5,CO,Littleton,8040353,7221104,819249,12
317,Nomarchy,Construction,2010,24,NC,Charlotte,14102177,1485995,12616182,9
318,Turboprop,Retail,2010,42,MI,Rochester Hills,12665972,3533350,9132622,9
319,Parhelion,IT Services,2012,23,VA,Sterling,13157679,7451573,5706106,15
320,Protractile,IT Services,1999,18,CO,Arvada,13398615,3834886,9563729,20
321,Precincts,IT Services,2012,205,IL,Schaumburg,12000187,1394333,10605854,22
322,Hookiest,IT Services,2005,40,CA,Bakersfield,9691133,5204053,4487080,23
323,Anarchical,Health,2014,67,GA,Roswell,8818759,6385105,2433654,7
324,Amphithalamus,IT Services,2009,16,FL,Boca Raton,14354655,3922559,10432096,22
325,Monotrichous,Software,2011,12,NY,New York,6203337,3660171,2543166,22
326,Overstridden,IT Services,2011,55,NJ,Trenton,14121713,1422672,12699041,29
327,Cyaneous,Construction,2012,58,IL,Oakbrook Terrace,7914722,7818649,96073,5
328,Implorer,Financial Services,2009,70,IL,Lombard,11321475,5633955,5687520,17
329,Unexotically,IT Services,2010,146,GA,Atlanta,13669802,4919209,8750593,25
330,Badgeless,Software,2011,17,CA,Corona,9297395,4083752,5213643,16
331,Aspic,Retail,2001,130,NY,New York,10498414,4645617,5852797,17
332,Westminster,Financial Services,2010,80,MI,Troy,11861652,5245126,6616526,15
333,Suicided,Health,2014,29,NC,Hendersonville,7145863,6519467,626396,3
334,Tocantins,Financial Services,2009,290,VA,Tysons Corner,14330107,2296074,12034033,15
335,Exilarch,Financial Services,2011,47,FL,Naples,8957904,2161452,6796452,19
336,Refertilization,Construction,2013,13,TX,San Antonio,10064297,4498839,5565458,7
337,Asynchronous,Health,2013,22,NY,New York,8720504,2632756,6087748,1
338,Swedenborgism,IT Services,2005,64,MD,Columbia,15379242,5949929,9429313,18
339,Outspruing,IT Services,2012,80,IL,Chicago,16909917,5468575,11441342,21
340,Unforegone,Financial Services,2009,37,TX,Austin,11732370,3236511,8495859,17
341,Getable,Software,2013,168,TX,Austin,8043049,5763238,2279811,20
342,Turbidimetry,Software,2010,195,CA,Los Angeles,10067223,8007771,2059452,21
343,Federalistic,Health,2007,225,CA,San Bernardino,8108370,6471604,1636766,6
344,Williamsport,IT Services,2013,34,GA,Norcross,14366416,3084697,11281719,22
345,Unrebuilt,Software,2007,35,OR,Lake Oswego,4422083,2666040,1756043,16
346,Outbraving,Health,2011,135,TX,Austin,9116942,5747352,3369590,7
347,Miscutting,Government Services,2002,73,CA,Oxnard,10115274,6731632,3383642,5
348,Unsurmountable,Software,2014,106,CA,Irvine,8215508,4262906,3952602,16
349,Knock,Health,2009,25,CA,Hawthorne,8157191,6602535,1554656,5
350,Superepoch,Health,2011,85,CO,Denver,10253911,9592417,661494,6
351,Golliwogg,IT Services,2009,41,TX,Houston,9944083,3254899,6689184,20
352,Indicated,Health,2011,222,MD,Bethesda,9214598,7744504,1470094,10
353,Unemancipated,IT Services,2011,240,TX,San Antonio,15292359,4415566,10876793,21
354,Tantalous,Financial Services,2011,50,NY,Woodstock,9950947,441750,9509197,13
355,Comatulid,Health,2012,78,AZ,Tucson,9144082,3110199,6033883,3
356,Auctiongoogle,IT Services,2011,80,MD,Greenbelt,15299827,187655,15112172,18
357,Fowlappraiser,Retail,2009,30,AZ,Chandler,10186376,4638213,5548163,13
358,Fixnummodus,Health,2009,100,CA,Carlsbad,9015238,5042568,3972670,9
359,Dullbocce,Government Services,2010,25,VA,Reston,11210858,5323160,5887698,6
360,Remembergabbro,Construction,2012,45,UT,Lindon,10878578,4515112,6363466,12
361,Mincemeatcontroller,Software,2010,58,TX,Houston,10188123,1955490,8232633,19
362,Interfaceaboard,IT Services,2013,62,VA,Herndon,11801629,2239823,9561806,28
363,Fluetruffles,IT Services,2001,81,MN,Minneapolis,15848453,5506036,10342417,15
364,Scarletcheeses,Financial Services,2010,25,UT,Lehi,9376103,2446639,6929464,15
365,Grapegraves,IT Services,2005,21,DC,Washington,16337321,6350096,9987225,22
366,Causedunsure,Software,2012,43,OH,Columbus,7047541,4402984,2644557,16
367,Launchingillusion,Financial Services,2011,48,TX,Houston,9205547,2861975,6343572,18
368,Radonspoonbill,Government Services,2011,39,CO,Highlands Ranch,7989604,2486140,5503464,6
369,Puncturecorona,IT Services,2012,14,FL,Fort Lauderdale,15108405,2813781,12294624,29
370,Haulbittern,IT Services,2010,138,NY,New York,15104143,4177864,10926279,24
371,Smartpans,IT Services,2009,231,GA,Alpharetta,18569437,6803826,11765611,18
372,Lisppanel,IT Services,2014,17,AZ,Scottsdale,13827387,2975434,10851953,22
373,Dillimported,Health,2002,30,TX,Humble,9724730,9712296,12434,3
374,Bookingchildish,Retail,2009,10,NY,Whitestone,9840239,3348650,6491589,17
375,Supportersfaint,Financial Services,2011,3,NY,Brooklyn,12146902,1207273,10939629,14
376,Potiondecathlon,IT Services,2011,61,TN,Nashville,12247815,4859318,7388497,20
377,Perfumegrown,Financial Services,2011,33,NV,Las Vegas,9016449,640031,8376418,14
378,Prunewatchful,Health,2011,329,SC,Mauldin,8369263,3880428,4488835,5
379,Stovepuck,Retail,2013,73,NY,New York,13814975,5904502,7910473,10
380,Pickyfive,IT Services,2011,45,CO,Denver,14826723,4458447,10368276,26
381,Rattlemurrelet,Health,2013,12,GA,Woodstock,7496334,6186394,1309940,8
382,Scalptowhee,Retail,2011,100,MI,Commerce Township,7503230,1830110,5673120,12
383,Flexthirsty,Health,2011,9,CA,Huntington Beach,6981026,5767852,1213174,3
384,Befriendogle,Government Services,2009,52,MD,Bethesda,13003637,2758425,10245212,6
385,Stupidarboreal,IT Services,2002,36,PA,Philadelphia,16435362,5130874,11304488,20
386,Bignumadept,IT Services,2012,55,GA,Suwanee,12861101,4068630,8792471,20
388,Samsungclimbing,IT Services,2010,42,PA,Allentown,15239915,5575608,9664307,22
389,Kickminstrel,IT Services,2006,125,VA,Reston,14479116,3100573,11378543,16
391,Solsticeaudio,Health,2011,360,AZ,Phoenix,10544309,6248732,4295577,5
392,Ascendermogul,Health,2014,50,IA,West Des Moines,11490135,6083093,5407042,7
393,Cribcaused,Financial Services,2004,201,GA,Marietta,9020223,3683236,5336987,15
394,Tryfanscaly,Government Services,2010,28,VA,Alexandria,8456970,7736439,720531,4
395,Cajoleavoidant,IT Services,2003,17,TN,Nashville,15771339,1185898,14585441,20
396,Cogstrip,IT Services,2012,30,MN,Minneapolis,14705673,6667372,8038301,25
397,Announcesbuck,Health,2013,370,FL,Deerfield Beach,6146640,4390260,1756380,7
398,Ericssonsafe,IT Services,2011,9,KY,Erlanger,9844389,6503652,3340737,19
399,Ahemparticular,Retail,2010,22,MN,Roseville,14367661,4908512,9459149,13
400,Oraclemend,IT Services,2012,250,TX,Houston,16043821,8701267,7342554,21
401,Loosepause,Financial Services,2006,85,FL,Sunrise,12008935,3285445,8723490,19
402,Dragonnode,IT Services,2013,144,VA,Falls Church,14649797,5757388,8892409,22
404,Profilecliche,Construction,2000,125,NY,Melville,9398668,3333103,6065565,9
405,Indonesianheliopause,Health,2013,120,GA,atlanta,8703595,8649914,53681,12
406,Soulfulantigravity,Retail,2012,60,CA,Ontario,12954009,4886200,8067809,12
407,Toolsavagery,Retail,2007,10,FL,Tampa,10942107,4491305,6450802,16
408,Magmarejoice,Health,2012,60,ME,Portland,5894152,3401348,2492804,4
409,Bloodhoundthin,Government Services,2000,120,MD,Greenbelt,13712279,3837399,9874880,4
410,Waggerhooves,IT Services,2009,39,FL,Tampa,13222254,4879893,8342361,23
411,Miaowgrinder,Construction,2000,176,NY,Niagara Falls,7697469,5036679,2660790,5
412,Fablescraper,IT Services,2009,12,MI,Kentwood,14515666,5424688,9090978,26
413,Lardassare,Financial Services,2012,88,IL,Bridgeview,10758326,270620,10487706,15
415,Bonfirefailing,IT Services,2011,44,NY,Latham,17399630,3396476,14003154,25
416,Openstrustee,Financial Services,2011,25,TX,Carrollton,13666249,5344982,8321267,17
417,Launchbiggest,IT Services,2014,29,MO,St. Louis,14169187,3850631,10318556,20
418,Blueshiftcrispy,Health,2009,230,TX,Dallas,9642189,8823455,818734,6
419,Twistedelephant,IT Services,2011,150,NY,New York,16917213,2814394,14102819,16
420,Whinchatdates,Health,2012,39,PA,Shillington,7475092,3097499,4377593,14
421,Annoyinglyarabian,IT Services,2012,28,TX,Plano,14898505,1665920,13232585,17
423,Hostileglove,Retail,2012,19,GA,Kennesaw,10736305,4299102,6437203,9
424,Ikeamongolian,Health,2012,133,OH,Cleveland,7165221,6505105,660116,6
425,Handgunheard,Retail,2011,67,ND,Jamestown,9223463,3608917,5614546,9
426,Trapexperts,Financial Services,2011,330,PA,Allentown,8788469,1214119,7574350,10
427,Currymercurial,IT Services,2010,10,FL,Tampa,16221821,3573280,12648541,23
428,Totallyzonked,IT Services,2013,53,CA,Santa Clara,12506219,6688379,5817840,20
430,Slicerseptum,IT Services,2014,169,IL,Chicago,14775286,4510084,10265202,26
431,Librationmelba,IT Services,2010,20,WI,Madison,14053058,5883008,8170050,20
432,Placehospitable,Retail,2012,23,ID,Coeur d Alene,14576493,1925321,12651172,19
433,Arabianagena,Retail,2013,195,MN,Minneapolis,13941632,4887652,9053980,10
434,Admitruppell,Retail,2010,47,UT,Lehi,11375526,1511586,9863940,12
435,Lucrepickled,IT Services,2004,45,VA,Glen Allen,12894933,3512395,9382538,17
436,Marchedsausage,IT Services,2010,50,CO,Denver,14620121,3370435,11249686,19
437,Glandminer,IT Services,2011,55,CA,Santa Clara,13065626,2501327,10564299,23
438,Tausnash,Construction,2009,95,FL,Sarasota,6554612,4727267,1827345,9
439,Enterwaist,IT Services,2010,126,WA,Bellevue,11858282,5159202,6699080,19
440,Crunchabout,Government Services,2010,100,FL,Orlando,5577373,3895975,1681398,2
441,Grippingstirring,Construction,2012,120,TX,Mansfield,4419277,2890906,1528371,11
444,Ridglingshod,Health,2011,23,CA,San Diego,8293498,8165133,128365,9
445,Linkedallianz,Health,2011,332,OH,Columbus,6300572,5606412,694160,5
446,Sculptorjelly,Health,2006,20,NC,Durham,10875181,5868631,5006550,6
447,Surroundoutrageous,IT Services,2012,150,PA,North Wales,16580398,2324622,14255776,23
448,Testingear,Construction,2012,10,TN,Nashville,10651148,4539151,6111997,8
449,Riddledinfant,IT Services,2010,50,NJ,South Plainfield,13368302,4054153,9314149,22
450,Detritaldartford,Health,2012,50,MA,Cambridge,8873078,8319833,553245,7
451,Appliesoverrated,IT Services,2013,15,FL,Boca Raton,17506421,3726979,13779442,20
452,Bumhercules,Government Services,2010,55,MD,Rockville,6426676,5910968,515708,7
453,Flaskssunny,Construction,2012,175,IL,Rolling Meadows,8589862,214470,8375392,7
454,Glazetwang,IT Services,2014,50,TX,Haltom City,14864586,1188169,13676417,17
455,Blendplacid,Government Services,2014,326,AL,Huntsville,10581245,4680006,5901239,7
456,Infectedduck,IT Services,2000,278,IL,Springfield,15417062,4118312,11298750,20
458,Moleculecircle,Retail,2013,16,FL,Tampa,13094661,1026548,12068113,11
459,Portlyroomy,Financial Services,2010,40,MO,St. Louis,9707035,2887547,6819488,16
460,Rustyentertain,Construction,2012,23,TX,Carrollton,9646815,1680823,7965992,12
461,Novelfollicle,Financial Services,2009,403,OK,Tulsa,11028550,2379097,8649453,13
462,Yawningcricket,Financial Services,2012,21,NC,Davidson,14247618,3133190,11114428,20
463,Friendlego,Construction,2012,38,NJ,Westfield,9176783,4279255,4897528,8
464,Lambdafortunate,Health,2010,59,NC,Durham,8475310,7259295,1216015,8
465,Dashedcompounds,IT Services,2014,59,CA,San Ramon,12791846,7879018,4912828,23
466,Hayloftmizuna,Health,2013,117,CT,Brookfield,15312302,6137907,9174395,6
467,Thalliumwould,IT Services,2014,278,NY,Clifton Park,10708327,8866642,1841685,21
468,Regexsay,Financial Services,2004,58,CA,San Diego,9642133,2995467,6646666,15
469,Hoeforeach,IT Services,2010,25,WI,Wauwatosa,13000248,1629029,11371219,23
470,Dessertsanchovy,Government Services,2012,124,CA,San Diego,11059461,4744277,6315184,1
471,Reveredtogether,Health,2012,106,WA,Seattle,10614892,6960210,3654682,4
473,Rosychoke,IT Services,2011,348,IN,Indianapolis,14153970,3408135,10745835,26
474,Valuesbilled,IT Services,2013,95,NY,New York,13214550,7479813,5734737,20
475,Stayspheroid,Government Services,2011,80,VA,Reston,8174923,2093254,6081669,8
476,Barmpotfishified,Health,2013,168,IA,Coralville,10213365,7045210,3168155,8
477,Soddenfurther,Financial Services,2010,20,CA,San Diego,9243036,2517857,6725179,19
478,Drudgelepe,Health,2009,22,ID,Moscow,8786459,6375919,2410540,3
479,Heinzvolary,Health,2014,29,CA,Carlsbad,8725745,3477540,5248205,11
480,Excellencerecent,Health,2010,381,TX,Farmers Branch,10611567,7617420,2994147,5
481,Condemnedgenuine,Government Services,2013,28,MD,Silver Spring,8998948,4222422,4776526,6
482,Fatsohealth,IT Services,2009,21,SC,Florence,12239406,5665024,6574382,21
483,Abusivebong,Construction,2009,8,WI,Oshkosh,8543321,3841435,4701886,7
485,Foxwml,Health,2011,48,PA,Plymouth Meeting,10072452,8335458,1736994,6
486,Serpentineappeals,Financial Services,2013,48,NV,henderson,11673934,1460147,10213787,23
487,Genusequ,Construction,2007,45,NC,Greensboro,8498464,5741773,2756691,11
488,Fearwhimbrel,Government Services,2013,100,VA,Falls Church,10637944,7238539,3399405,4
490,Suckedregister,Retail,2010,100,TX,Houston,11511235,3995152,7516083,10
491,Comparejson,Construction,2013,125,IL,Glendale Heights,12359532,6527308,5832224,11
492,Pickledcanoeing,Retail,2012,16,OH,Medina,11654196,6460234,5193962,10
493,Assurehelp,IT Services,2014,10,MN,Minneapolis,15019551,4004040,11015511,18
494,Shrimpssecurity,Government Services,2009,104,DC,Washington,7919278,5355504,2563774,5
495,Rawfishcomplete,Financial Services,2012,124,CA,Los Angeles,10624949,2951178,7673771,22
496,Buretteadmirable,IT Services,2009,93,ME,Portland,15407450,2833136,12574314,25
497,Inventtremendous,Construction,2009,24,MN,Woodbury,9144857,4755995,4388862,11
499,Belaguerra,IT Services,2010,140,MI,Troy,17387130,1387784,15999346,23
500,Allpossible,IT Services,2011,24,CA,Los Angeles,11949706,689161,11260545,24
68,Dongcom,Retail,2002,8,NY,Cheektowaga,NA,NA,11704926,10
